,UNRATE,ICSA,CPI,CORE_PCE,UMCSENT,DGS2,DGS10,DGS30,DGS3MO,DFII10,HY_OAS,NFCI,CURVE_10Y_2Y,CURVE_10Y_3M,DGS10_CHG_4W,DGS30_CHG_4W,REAL10_CHG_4W,HY_OAS_CHG_4W,NFCI_CHG_4W,ICSA_4W_AVG,ICSA_4W_CHG
2023-01-06,3.5,205000.0,298.786,116.539,59.8,4.24,3.55,3.67,4.67,1.34,,-0.218,-0.6900000000000004,-1.12,,,,,,,
2023-01-13,3.5,210000.0,298.832,116.539,59.8,4.22,3.49,3.61,4.67,1.31,,-0.241,-0.7299999999999995,-1.1799999999999997,,,,,,,
2023-01-20,3.5,204000.0,298.832,116.539,59.8,4.14,3.48,3.66,4.72,1.25,,-0.266,-0.6599999999999997,-1.2399999999999998,,,,,,,
2023-01-27,3.5,204000.0,298.832,116.539,64.9,4.19,3.52,3.64,4.73,1.19,,-0.287,-0.6700000000000004,-1.2100000000000004,,,,,,205750.0,
2023-02-03,3.5,200000.0,298.832,116.952,64.9,4.3,3.53,3.63,4.7,1.31,,-0.304,-0.77,-1.1700000000000004,-0.020000000000000018,-0.040000000000000036,-0.030000000000000027,,-0.086,204500.0,
2023-02-10,3.5,215000.0,298.832,116.952,64.9,4.5,3.74,3.83,4.79,1.41,,-0.312,-0.7599999999999998,-1.0499999999999998,0.25,0.2200000000000002,0.09999999999999987,,-0.07100000000000001,205750.0,
2023-02-17,3.5,220000.0,300.42,116.952,64.9,4.6,3.82,3.88,4.84,1.46,,-0.308,-0.7799999999999998,-1.02,0.33999999999999986,0.21999999999999975,0.20999999999999996,,-0.04199999999999998,209750.0,
2023-02-24,3.5,217000.0,300.42,116.952,64.9,4.78,3.95,3.93,4.86,1.57,,-0.293,-0.8300000000000001,-0.9100000000000001,0.43000000000000016,0.29000000000000004,0.3800000000000001,,-0.006000000000000005,213000.0,0.03523693803159178
2023-03-03,3.5,207000.0,300.42,117.505,66.9,4.86,3.97,3.9,4.91,1.45,,-0.267,-0.8900000000000001,-0.94,0.4400000000000004,0.27,0.1399999999999999,,0.03699999999999998,214750.0,0.05012224938875298
2023-03-10,3.6,230000.0,300.42,117.505,66.9,4.6,3.7,3.7,5.01,1.44,,-0.235,-0.8999999999999995,-1.3099999999999996,-0.040000000000000036,-0.1299999999999999,0.030000000000000027,,0.07700000000000001,218500.0,0.06196840826245453
2023-03-17,3.6,222000.0,301.45,117.505,66.9,3.81,3.39,3.6,4.52,1.29,,-0.202,-0.41999999999999993,-1.1299999999999994,-0.4299999999999997,-0.2799999999999998,-0.16999999999999993,,0.10599999999999998,219000.0,0.0441001191895114
2023-03-24,3.6,230000.0,301.45,117.505,66.9,3.76,3.38,3.64,4.74,1.16,,-0.17,-0.3799999999999999,-1.3600000000000003,-0.5700000000000003,-0.29000000000000004,-0.41000000000000014,,0.12299999999999997,222250.0,0.04342723004694826
2023-03-31,3.6,234000.0,301.45,117.929,62.0,4.06,3.48,3.67,4.85,1.16,,-0.151,-0.5799999999999996,-1.3699999999999997,-0.4900000000000002,-0.22999999999999998,-0.29000000000000004,,0.11600000000000002,229000.0,0.06635622817229336
2023-04-07,3.5,217000.0,301.45,117.929,62.0,3.97,3.39,3.61,4.95,1.14,,-0.146,-0.5800000000000001,-1.56,-0.31000000000000005,-0.0900000000000003,-0.30000000000000004,,0.089,225750.0,0.03318077803203656
2023-04-14,3.5,220000.0,301.821,117.929,62.0,4.08,3.52,3.74,5.14,1.22,,-0.15,-0.56,-1.6199999999999997,0.1299999999999999,0.14000000000000012,-0.07000000000000006,,0.05200000000000002,225250.0,0.028538812785388057
2023-04-21,3.5,223000.0,301.821,117.929,62.0,4.17,3.57,3.78,5.14,1.29,,-0.161,-0.6000000000000001,-1.5699999999999998,0.18999999999999995,0.13999999999999968,0.13000000000000012,,0.009000000000000008,223500.0,0.0056242969628796935
2023-04-28,3.5,209000.0,301.821,118.315,63.7,4.04,3.44,3.67,5.1,1.26,,-0.175,-0.6000000000000001,-1.6599999999999997,-0.040000000000000036,0.0,0.10000000000000009,,-0.023999999999999994,217250.0,-0.05131004366812231
2023-05-05,3.5,213000.0,301.821,118.315,63.7,3.92,3.44,3.76,5.26,1.23,,-0.187,-0.48,-1.8199999999999998,0.04999999999999982,0.1499999999999999,0.09000000000000008,,-0.04100000000000001,216250.0,-0.042081949058693224
2023-05-12,3.4,223000.0,301.821,118.315,63.7,3.98,3.46,3.78,5.25,1.28,,-0.196,-0.52,-1.79,-0.06000000000000005,0.03999999999999959,0.06000000000000005,,-0.04600000000000001,217000.0,-0.03662597114317423
2023-05-19,3.4,225000.0,302.845,118.315,63.7,4.28,3.7,3.95,5.29,1.46,,-0.204,-0.5800000000000001,-1.5899999999999999,0.13000000000000034,0.17000000000000037,0.16999999999999993,,-0.04299999999999998,217500.0,-0.02684563758389258
2023-05-26,3.4,227000.0,302.845,118.315,59.0,4.54,3.8,3.96,5.34,1.57,,-0.209,-0.7400000000000002,-1.54,0.3599999999999999,0.29000000000000004,0.31000000000000005,,-0.034,222000.0,0.021864211737629535
2023-06-02,3.4,229000.0,302.845,118.734,59.0,4.5,3.69,3.88,5.5,1.51,,-0.211,-0.81,-1.81,0.25,0.1200000000000001,0.28,,-0.023999999999999994,226000.0,0.04508670520231206
2023-06-09,3.6,252000.0,302.845,118.734,59.0,4.59,3.75,3.89,5.37,1.55,,-0.214,-0.8399999999999999,-1.62,0.29000000000000004,0.11000000000000032,0.27,,-0.017999999999999988,233250.0,0.0748847926267282
2023-06-16,3.6,256000.0,303.334,118.734,59.0,4.7,3.77,3.86,5.34,1.55,,-0.215,-0.9300000000000002,-1.5699999999999998,0.06999999999999984,-0.0900000000000003,0.09000000000000008,,-0.01100000000000001,241000.0,0.10804597701149432
2023-06-23,3.6,259000.0,303.334,118.734,59.0,4.71,3.74,3.82,5.41,1.53,,-0.217,-0.9699999999999998,-1.67,-0.05999999999999961,-0.14000000000000012,-0.040000000000000036,,-0.008000000000000007,249000.0,0.12162162162162171
2023-06-30,3.6,236000.0,303.334,119.083,64.2,4.87,3.81,3.85,5.43,1.59,,-0.221,-1.06,-1.6199999999999997,0.1200000000000001,-0.029999999999999805,0.08000000000000007,,-0.010000000000000009,250750.0,0.10951327433628322
2023-07-07,3.6,248000.0,303.334,119.083,64.2,4.94,4.06,4.05,5.46,1.79,,-0.227,-0.8800000000000008,-1.4000000000000004,0.3099999999999996,0.1599999999999997,0.24,,-0.013000000000000012,249750.0,0.07073954983922826
2023-07-14,3.6,230000.0,304.014,119.083,64.2,4.74,3.83,3.93,5.49,1.59,,-0.236,-0.9100000000000001,-1.6600000000000001,0.06000000000000005,0.07000000000000028,0.040000000000000036,,-0.02099999999999999,243250.0,0.009336099585062207
2023-07-21,3.6,229000.0,304.014,119.083,64.2,4.82,3.84,3.91,5.5,1.49,,-0.249,-0.9800000000000004,-1.6600000000000001,0.09999999999999964,0.0900000000000003,-0.040000000000000036,,-0.032,235750.0,-0.053212851405622486
2023-07-28,3.6,231000.0,304.014,119.083,71.5,4.87,3.96,4.03,5.52,1.58,,-0.264,-0.9100000000000001,-1.5599999999999996,0.1499999999999999,0.18000000000000016,-0.010000000000000009,,-0.04300000000000001,234500.0,-0.06480558325024921
2023-08-04,3.6,238000.0,304.014,119.39,71.5,4.78,4.05,4.21,5.54,1.67,,-0.28,-0.7300000000000004,-1.4900000000000002,-0.009999999999999787,0.16000000000000014,-0.1200000000000001,,-0.05300000000000002,232000.0,-0.07107107107107102
2023-08-11,3.5,258000.0,304.014,119.39,71.5,4.89,4.16,4.27,5.54,1.8,,-0.297,-0.7299999999999995,-1.38,0.33000000000000007,0.3399999999999994,0.20999999999999996,,-0.061,239000.0,-0.0174717368961973
2023-08-18,3.5,248000.0,304.609,119.39,71.5,4.92,4.26,4.38,5.55,1.94,,-0.312,-0.6600000000000001,-1.29,0.41999999999999993,0.46999999999999975,0.44999999999999996,,-0.063,243750.0,0.03393425238600223
2023-08-25,3.5,240000.0,304.609,119.39,71.5,5.03,4.25,4.3,5.61,1.92,,-0.325,-0.7800000000000002,-1.3600000000000003,0.29000000000000004,0.2699999999999996,0.33999999999999986,,-0.061,246000.0,0.049040511727078906
2023-09-01,3.5,234000.0,304.609,119.556,69.4,4.87,4.18,4.29,5.53,1.92,,-0.333,-0.6900000000000004,-1.3500000000000005,0.1299999999999999,0.08000000000000007,0.25,,-0.05299999999999999,245000.0,0.056034482758620774
2023-09-08,3.7,225000.0,304.609,119.556,69.4,4.98,4.26,4.33,5.55,1.93,,-0.338,-0.7200000000000006,-1.29,0.09999999999999964,0.0600000000000005,0.1299999999999999,,-0.041000000000000036,236750.0,-0.009414225941422605
2023-09-15,3.7,225000.0,306.082,119.556,69.4,5.02,4.33,4.42,5.56,1.98,3.79,-0.337,-0.6899999999999995,-1.2299999999999995,0.07000000000000028,0.040000000000000036,0.040000000000000036,,-0.025000000000000022,231000.0,-0.05230769230769228
2023-09-22,3.7,211000.0,306.082,119.556,69.4,5.1,4.44,4.53,5.56,2.07,3.93,-0.332,-0.6599999999999993,-1.1199999999999992,0.1900000000000004,0.23000000000000043,0.1499999999999999,,-0.007000000000000006,223750.0,-0.09044715447154472
2023-09-29,3.7,216000.0,306.082,119.689,67.8,5.03,4.59,4.73,5.55,2.24,4.03,-0.323,-0.4400000000000004,-0.96,0.41000000000000014,0.4400000000000004,0.3200000000000003,,0.010000000000000009,219250.0,-0.10510204081632657
2023-10-06,3.7,216000.0,306.082,119.689,67.8,5.08,4.78,4.95,5.63,2.47,4.33,-0.31,-0.2999999999999998,-0.8499999999999996,0.5200000000000005,0.6200000000000001,0.5400000000000003,,0.028000000000000025,217000.0,-0.0834213305174234
2023-10-13,3.7,210000.0,306.082,119.689,67.8,5.04,4.63,4.78,5.62,2.29,4.3,-0.299,-0.41000000000000014,-0.9900000000000002,0.2999999999999998,0.3600000000000003,0.31000000000000005,0.5099999999999998,0.038000000000000034,213250.0,-0.07683982683982682
2023-10-20,3.7,200000.0,307.276,119.689,67.8,5.07,4.93,5.09,5.58,2.46,4.52,-0.289,-0.14000000000000057,-0.6500000000000004,0.4899999999999993,0.5599999999999996,0.3900000000000001,0.5899999999999994,0.04300000000000004,210500.0,-0.05921787709497206
2023-10-27,3.7,214000.0,307.276,119.689,63.8,4.99,4.84,5.03,5.59,2.42,4.53,-0.283,-0.15000000000000036,-0.75,0.25,0.2999999999999998,0.17999999999999972,0.5,0.040000000000000036,210000.0,-0.04218928164196123
2023-11-03,3.7,217000.0,307.276,120.058,63.8,4.83,4.57,4.77,5.53,2.18,4.04,-0.283,-0.2599999999999998,-0.96,-0.20999999999999996,-0.1800000000000006,-0.29000000000000004,-0.29000000000000004,0.027000000000000024,210250.0,-0.031105990783410142
2023-11-10,3.9,216000.0,307.276,120.058,63.8,5.04,4.61,4.73,5.53,2.29,4.03,-0.288,-0.4299999999999997,-0.9199999999999999,-0.019999999999999574,-0.04999999999999982,0.0,-0.2699999999999996,0.01100000000000001,211750.0,-0.007033997655334079
2023-11-17,3.9,230000.0,307.696,120.058,63.8,4.88,4.44,4.59,5.5,2.16,3.99,-0.297,-0.4399999999999995,-1.0599999999999996,-0.4899999999999993,-0.5,-0.2999999999999998,-0.5299999999999994,-0.008000000000000007,219250.0,0.04156769596199528
2023-11-24,3.9,213000.0,307.696,120.058,63.8,4.92,4.47,4.6,5.54,2.21,3.85,-0.308,-0.4500000000000002,-1.0700000000000003,-0.3700000000000001,-0.4300000000000006,-0.20999999999999996,-0.6800000000000002,-0.025000000000000022,219000.0,0.04285714285714293
2023-12-01,3.9,213000.0,307.696,120.241,61.3,4.56,4.22,4.4,5.43,2.0,3.87,-0.32,-0.33999999999999986,-1.21,-0.35000000000000053,-0.3699999999999992,-0.18000000000000016,-0.16999999999999993,-0.03700000000000003,218000.0,0.03686087990487508
2023-12-08,3.7,215000.0,307.696,120.241,61.3,4.71,4.23,4.31,5.44,2.02,3.75,-0.331,-0.47999999999999954,-1.21,-0.3799999999999999,-0.4200000000000008,-0.27,-0.28000000000000025,-0.04300000000000004,217750.0,0.02833530106257376
2023-12-15,3.7,203000.0,308.148,120.241,61.3,4.44,3.91,4.0,5.44,1.69,3.51,-0.34,-0.5300000000000002,-1.5300000000000002,-0.5300000000000002,-0.5899999999999999,-0.4700000000000002,-0.4800000000000004,-0.04300000000000004,211000.0,-0.03762827822120862
2023-12-22,3.7,209000.0,308.148,120.241,61.3,4.31,3.9,4.05,5.44,1.71,3.39,-0.349,-0.4099999999999997,-1.5400000000000005,-0.5699999999999998,-0.5499999999999998,-0.5,-0.45999999999999996,-0.04099999999999998,210000.0,-0.04109589041095896
2023-12-29,3.7,212000.0,308.148,120.374,69.7,4.23,3.88,4.03,5.4,1.72,3.34,-0.358,-0.35000000000000053,-1.5200000000000005,-0.33999999999999986,-0.3700000000000001,-0.28,-0.5300000000000002,-0.03799999999999998,209750.0,-0.037844036697247674
2024-01-05,3.8,200000.0,308.148,120.374,69.7,4.4,4.05,4.21,5.47,1.83,3.68,-0.367,-0.35000000000000053,-1.42,-0.1800000000000006,-0.09999999999999964,-0.18999999999999995,-0.06999999999999984,-0.035999999999999976,206000.0,-0.053960964408725554
2024-01-12,3.8,201000.0,308.148,120.374,69.7,4.14,3.96,4.2,5.45,1.69,3.56,-0.375,-0.17999999999999972,-1.4900000000000002,0.04999999999999982,0.20000000000000018,0.0,0.050000000000000266,-0.034999999999999976,205500.0,-0.026066350710900466
2024-01-19,3.8,195000.0,308.741,120.374,69.7,4.39,4.15,4.36,5.45,1.81,3.54,-0.383,-0.23999999999999932,-1.2999999999999998,0.25000000000000044,0.3100000000000005,0.10000000000000009,0.1499999999999999,-0.03400000000000003,202000.0,-0.03809523809523807
2024-01-26,3.8,224000.0,308.741,120.374,79.0,4.34,4.15,4.38,5.44,1.85,3.39,-0.39,-0.1899999999999995,-1.29,0.27000000000000046,0.34999999999999964,0.13000000000000012,0.050000000000000266,-0.03200000000000003,205000.0,-0.022646007151370662
2024-02-02,3.8,226000.0,308.741,120.592,79.0,4.36,4.03,4.22,5.43,1.82,3.47,-0.396,-0.33000000000000007,-1.3999999999999995,-0.019999999999999574,0.009999999999999787,-0.010000000000000009,-0.20999999999999996,-0.029000000000000026,211500.0,0.02669902912621369
2024-02-09,3.7,213000.0,308.741,120.592,79.0,4.48,4.17,4.37,5.44,1.92,3.33,-0.403,-0.3100000000000005,-1.2700000000000005,0.20999999999999996,0.16999999999999993,0.22999999999999998,-0.22999999999999998,-0.028000000000000025,214500.0,0.04379562043795615
2024-02-16,3.7,213000.0,309.698,120.592,79.0,4.64,4.3,4.45,5.44,1.97,3.34,-0.41,-0.33999999999999986,-1.1400000000000006,0.14999999999999947,0.08999999999999986,0.15999999999999992,-0.20000000000000018,-0.02699999999999997,219000.0,0.08415841584158423
2024-02-23,3.7,202000.0,309.698,120.592,79.0,4.67,4.26,4.37,5.46,1.96,3.23,-0.419,-0.41000000000000014,-1.2000000000000002,0.10999999999999943,-0.009999999999999787,0.10999999999999988,-0.16000000000000014,-0.02899999999999997,213500.0,0.04146341463414638
2024-03-01,3.7,212000.0,309.698,121.217,76.9,4.54,4.19,4.33,5.42,1.87,3.32,-0.427,-0.34999999999999964,-1.2299999999999995,0.16000000000000014,0.11000000000000032,0.050000000000000044,-0.15000000000000036,-0.030999999999999972,210000.0,-0.007092198581560294
2024-03-08,3.9,213000.0,309.698,121.217,76.9,4.48,4.09,4.26,5.46,1.81,3.26,-0.434,-0.39000000000000057,-1.37,-0.08000000000000007,-0.11000000000000032,-0.10999999999999988,-0.07000000000000028,-0.030999999999999972,210000.0,-0.020979020979020935
2024-03-15,3.9,213000.0,310.967,121.217,76.9,4.72,4.31,4.43,5.48,1.99,3.16,-0.438,-0.41000000000000014,-1.1700000000000008,0.009999999999999787,-0.020000000000000462,0.020000000000000018,-0.17999999999999972,-0.028000000000000025,210000.0,-0.04109589041095896
2024-03-22,3.9,213000.0,310.967,121.217,76.9,4.59,4.22,4.39,5.46,1.87,3.08,-0.439,-0.3700000000000001,-1.2400000000000002,-0.040000000000000036,0.019999999999999574,-0.08999999999999986,-0.1499999999999999,-0.020000000000000018,212750.0,-0.003512880562060894
2024-03-29,3.9,214000.0,310.967,121.217,79.4,4.59,4.2,4.34,5.46,1.88,3.12,-0.437,-0.3899999999999997,-1.2599999999999998,0.009999999999999787,0.009999999999999787,0.009999999999999787,-0.19999999999999973,-0.010000000000000009,213250.0,0.015476190476190421
2024-04-05,3.9,223000.0,310.967,121.537,79.4,4.73,4.39,4.54,5.43,2.02,3.18,-0.433,-0.34000000000000075,-1.04,0.2999999999999998,0.28000000000000025,0.20999999999999996,-0.07999999999999963,0.0010000000000000009,215750.0,0.027380952380952284
2024-04-12,3.9,213000.0,310.967,121.537,79.4,4.88,4.5,4.61,5.45,2.11,3.25,-0.427,-0.3799999999999999,-0.9500000000000002,0.1900000000000004,0.1800000000000006,0.11999999999999988,0.08999999999999986,0.01100000000000001,215750.0,0.027380952380952284
2024-04-19,3.9,212000.0,312.345,121.537,79.4,4.97,4.62,4.72,5.45,2.21,3.37,-0.421,-0.34999999999999964,-0.8300000000000001,0.40000000000000036,0.33000000000000007,0.33999999999999986,0.29000000000000004,0.018000000000000016,215500.0,0.01292596944770863
2024-04-26,3.9,209000.0,312.345,121.537,77.2,4.96,4.67,4.78,5.46,2.24,3.16,-0.416,-0.29000000000000004,-0.79,0.46999999999999975,0.4400000000000004,0.3600000000000003,0.040000000000000036,0.02100000000000002,214250.0,0.004689331770222793
2024-05-03,3.9,207000.0,312.345,122.009,77.2,4.81,4.5,4.66,5.45,2.15,3.08,-0.414,-0.3099999999999996,-0.9500000000000002,0.11000000000000032,0.1200000000000001,0.1299999999999999,-0.10000000000000009,0.019000000000000017,210250.0,-0.02549246813441486
2024-05-10,3.9,230000.0,312.345,122.009,77.2,4.87,4.5,4.64,5.47,2.16,3.12,-0.413,-0.3700000000000001,-0.9699999999999998,0.0,0.02999999999999936,0.050000000000000266,-0.1299999999999999,0.014000000000000012,214500.0,-0.005793742757821518
2024-05-17,3.9,222000.0,313.023,122.009,77.2,4.83,4.42,4.56,5.46,2.1,3.09,-0.414,-0.41000000000000014,-1.04,-0.20000000000000018,-0.16000000000000014,-0.10999999999999988,-0.28000000000000025,0.007000000000000006,217000.0,0.006960556844547661
2024-05-24,3.9,216000.0,313.023,122.009,77.2,4.93,4.46,4.57,5.46,2.14,3.11,-0.414,-0.46999999999999975,-1.0,-0.20999999999999996,-0.20999999999999996,-0.10000000000000009,-0.050000000000000266,0.0020000000000000018,218750.0,0.02100350058343059
2024-05-31,3.9,220000.0,313.023,122.304,69.1,4.89,4.51,4.65,5.46,2.16,3.2,-0.413,-0.3799999999999999,-0.9500000000000002,0.009999999999999787,-0.009999999999999787,0.010000000000000231,0.1200000000000001,0.0010000000000000009,222000.0,0.05588585017835901
2024-06-07,3.9,227000.0,313.023,122.304,69.1,4.87,4.43,4.55,5.52,2.13,3.15,-0.409,-0.4400000000000004,-1.0899999999999999,-0.07000000000000028,-0.08999999999999986,-0.03000000000000025,0.029999999999999805,0.0040000000000000036,221250.0,0.03146853146853146
2024-06-14,3.9,240000.0,313.175,122.304,69.1,4.67,4.2,4.34,5.51,2.03,3.29,-0.403,-0.46999999999999975,-1.3099999999999996,-0.21999999999999975,-0.21999999999999975,-0.07000000000000028,0.20000000000000018,0.010999999999999954,225750.0,0.040322580645161255
2024-06-21,3.9,236000.0,313.175,122.304,69.1,4.7,4.25,4.39,5.49,2.02,3.21,-0.396,-0.4500000000000002,-1.2400000000000002,-0.20999999999999996,-0.1800000000000006,-0.1200000000000001,0.10000000000000009,0.01799999999999996,230750.0,0.05485714285714294
2024-06-28,3.9,233000.0,313.175,122.383,68.2,4.71,4.36,4.51,5.48,2.08,3.18,-0.387,-0.34999999999999964,-1.12,-0.14999999999999947,-0.14000000000000057,-0.08000000000000007,-0.020000000000000018,0.025999999999999968,234000.0,0.054054054054053946
2024-07-05,3.9,238000.0,313.175,122.383,68.2,4.6,4.28,4.47,5.46,2.0,3.27,-0.38,-0.3199999999999994,-1.1799999999999997,-0.14999999999999947,-0.08000000000000007,-0.1299999999999999,0.1200000000000001,0.02899999999999997,236750.0,0.07005649717514117
2024-07-12,4.1,223000.0,313.175,122.383,68.2,4.45,4.18,4.39,5.43,1.94,3.19,-0.375,-0.27000000000000046,-1.25,-0.020000000000000462,0.04999999999999982,-0.08999999999999986,-0.10000000000000009,0.028000000000000025,232500.0,0.029900332225913706
2024-07-19,4.1,241000.0,313.044,122.383,68.2,4.49,4.25,4.45,5.43,1.93,3.09,-0.369,-0.2400000000000002,-1.1799999999999997,0.0,0.0600000000000005,-0.09000000000000008,-0.1200000000000001,0.027000000000000024,233750.0,0.01300108342361872
2024-07-26,4.1,237000.0,313.044,122.383,66.4,4.36,4.2,4.45,5.38,1.93,3.1,-0.364,-0.16000000000000014,-1.1799999999999997,-0.16000000000000014,-0.05999999999999961,-0.15000000000000013,-0.08000000000000007,0.02300000000000002,234750.0,0.0032051282051281937
2024-08-02,4.1,248000.0,313.044,122.677,66.4,3.88,3.8,4.11,5.29,1.76,3.72,-0.36,-0.08000000000000007,-1.4900000000000002,-0.4800000000000004,-0.35999999999999943,-0.24,0.4500000000000002,0.020000000000000018,237250.0,0.002111932418162654
2024-08-09,4.2,234000.0,313.044,122.677,66.4,4.05,3.94,4.23,5.33,1.84,3.49,-0.359,-0.10999999999999988,-1.3900000000000001,-0.23999999999999977,-0.15999999999999925,-0.09999999999999987,0.30000000000000027,0.016000000000000014,240000.0,0.032258064516129004
2024-08-16,4.2,228000.0,313.569,122.677,66.4,4.06,3.89,4.15,5.33,1.81,3.29,-0.36,-0.16999999999999948,-1.44,-0.3599999999999999,-0.2999999999999998,-0.11999999999999988,0.20000000000000018,0.009000000000000008,236750.0,0.012834224598930577
2024-08-23,4.2,232000.0,313.569,122.677,66.4,3.9,3.81,4.1,5.25,1.68,3.19,-0.368,-0.08999999999999986,-1.44,-0.3900000000000001,-0.35000000000000053,-0.25,0.08999999999999986,-0.0040000000000000036,235500.0,0.0031948881789136685
2024-08-30,4.2,232000.0,313.569,122.911,67.9,3.91,3.91,4.2,5.21,1.76,3.13,-0.379,0.0,-1.2999999999999998,0.11000000000000032,0.08999999999999986,0.0,-0.5900000000000003,-0.019000000000000017,231500.0,-0.02423603793466811
2024-09-06,4.2,227000.0,313.569,122.911,67.9,3.66,3.72,4.03,5.13,1.69,3.39,-0.391,0.06000000000000005,-1.4099999999999997,-0.21999999999999975,-0.20000000000000018,-0.15000000000000013,-0.10000000000000009,-0.03200000000000003,229750.0,-0.04270833333333335
2024-09-13,4.2,227000.0,314.062,122.911,67.9,3.57,3.66,3.98,4.97,1.58,3.37,-0.402,0.0900000000000003,-1.3099999999999996,-0.22999999999999998,-0.17000000000000037,-0.22999999999999998,0.08000000000000007,-0.04200000000000004,229500.0,-0.03062302006335793
2024-09-20,4.2,223000.0,314.062,122.911,67.9,3.55,3.73,4.07,4.75,1.58,3.15,-0.412,0.18000000000000016,-1.02,-0.08000000000000007,-0.02999999999999936,-0.09999999999999987,-0.040000000000000036,-0.043999999999999984,227250.0,-0.035031847133757954
2024-09-27,4.2,221000.0,314.062,122.911,70.1,3.55,3.75,4.1,4.68,1.6,3.14,-0.42,0.20000000000000018,-0.9299999999999997,-0.16000000000000014,-0.10000000000000053,-0.15999999999999992,0.010000000000000231,-0.04099999999999998,224500.0,-0.030237580993520474
2024-10-04,4.2,227000.0,314.062,123.128,70.1,3.93,3.98,4.26,4.73,1.75,2.89,-0.427,0.04999999999999982,-0.7500000000000004,0.2599999999999998,0.22999999999999954,0.06000000000000005,-0.5,-0.035999999999999976,224500.0,-0.02285092491838958
2024-10-11,4.1,258000.0,314.062,123.128,70.1,3.95,4.08,4.39,4.73,1.75,2.98,-0.432,0.1299999999999999,-0.6500000000000004,0.41999999999999993,0.4099999999999997,0.16999999999999993,-0.3900000000000001,-0.02999999999999997,232250.0,0.011982570806100323
2024-10-18,4.1,241000.0,314.732,123.128,70.1,3.95,4.08,4.38,4.73,1.77,2.88,-0.435,0.1299999999999999,-0.6500000000000004,0.3500000000000001,0.3099999999999996,0.18999999999999995,-0.27,-0.02300000000000002,236750.0,0.04180418041804179
2024-10-25,4.1,227000.0,314.732,123.128,70.1,4.11,4.25,4.51,4.73,1.96,2.89,-0.44,0.13999999999999968,-0.4800000000000004,0.5,0.41000000000000014,0.3599999999999999,-0.25,-0.020000000000000018,238250.0,0.061247216035634766
2024-11-01,4.1,219000.0,314.732,123.466,70.5,4.21,4.37,4.57,4.61,2.04,2.83,-0.445,0.16000000000000014,-0.2400000000000002,0.3900000000000001,0.3100000000000005,0.29000000000000004,-0.06000000000000005,-0.018000000000000016,236250.0,0.0523385300668151
2024-11-08,4.1,221000.0,314.732,123.466,70.5,4.26,4.3,4.47,4.63,1.95,2.63,-0.452,0.040000000000000036,-0.33000000000000007,0.21999999999999975,0.08000000000000007,0.19999999999999996,-0.3500000000000001,-0.020000000000000018,227000.0,-0.0226049515608181
2024-11-15,4.1,218000.0,315.631,123.466,70.5,4.31,4.43,4.6,4.6,2.1,2.72,-0.46,0.1200000000000001,-0.16999999999999993,0.34999999999999964,0.21999999999999975,0.33000000000000007,-0.1599999999999997,-0.025000000000000022,221250.0,-0.06546990496304117
2024-11-22,4.1,216000.0,315.631,123.466,70.5,4.37,4.41,4.6,4.63,2.07,2.61,-0.468,0.040000000000000036,-0.21999999999999975,0.16000000000000014,0.08999999999999986,0.10999999999999988,-0.28000000000000025,-0.028000000000000025,218500.0,-0.0828961175236097
2024-11-29,4.1,219000.0,315.631,123.832,71.8,4.13,4.18,4.36,4.58,1.92,2.72,-0.473,0.04999999999999982,-0.40000000000000036,-0.1900000000000004,-0.20999999999999996,-0.1200000000000001,-0.10999999999999988,-0.02799999999999997,218500.0,-0.07513227513227516
2024-12-06,4.2,222000.0,315.631,123.832,71.8,4.1,4.15,4.34,4.42,1.91,2.67,-0.477,0.05000000000000071,-0.2699999999999996,-0.14999999999999947,-0.1299999999999999,-0.040000000000000036,0.040000000000000036,-0.024999999999999967,218750.0,-0.03634361233480177
2024-12-13,4.2,238000.0,315.631,123.832,71.8,4.25,4.4,4.61,4.34,2.07,2.68,-0.479,0.15000000000000036,0.0600000000000005,-0.02999999999999936,0.010000000000000675,-0.03000000000000025,-0.040000000000000036,-0.01899999999999996,223750.0,0.011299435028248483
2024-12-20,4.2,222000.0,316.528,123.832,71.8,4.3,4.52,4.72,4.34,2.23,2.86,-0.481,0.21999999999999975,0.17999999999999972,0.10999999999999943,0.1200000000000001,0.16000000000000014,0.25,-0.012999999999999956,225250.0,0.03089244851258588
2024-12-27,4.2,219000.0,316.528,123.832,74.0,4.31,4.62,4.82,4.31,2.28,2.84,-0.482,0.3100000000000005,0.3100000000000005,0.4400000000000004,0.45999999999999996,0.3599999999999999,0.11999999999999966,-0.009000000000000008,225250.0,0.03089244851258588
2025-01-03,4.2,212000.0,316.528,123.962,74.0,4.28,4.6,4.82,4.34,2.26,2.81,-0.485,0.3199999999999994,0.2599999999999998,0.4499999999999993,0.4800000000000004,0.34999999999999987,0.14000000000000012,-0.008000000000000007,222750.0,0.01828571428571424
2025-01-10,4.1,206000.0,316.528,123.962,74.0,4.4,4.77,4.96,4.36,2.34,2.81,-0.49,0.3699999999999992,0.40999999999999925,0.3699999999999992,0.34999999999999964,0.27,0.1299999999999999,-0.01100000000000001,214750.0,-0.040223463687150796
2025-01-17,4.1,219000.0,317.604,123.962,74.0,4.27,4.61,4.84,4.34,2.2,2.64,-0.496,0.34000000000000075,0.27000000000000046,0.09000000000000075,0.1200000000000001,-0.029999999999999805,-0.21999999999999975,-0.015000000000000013,214000.0,-0.049944506104328545
2025-01-24,4.1,223000.0,317.604,123.962,74.0,4.27,4.63,4.85,4.35,2.2,2.6,-0.501,0.3600000000000003,0.28000000000000025,0.009999999999999787,0.02999999999999936,-0.07999999999999963,-0.23999999999999977,-0.019000000000000017,215000.0,-0.0455049944506104
2025-01-31,4.1,212000.0,317.604,124.196,71.7,4.22,4.58,4.83,4.31,2.16,2.68,-0.506,0.3600000000000003,0.27000000000000046,-0.019999999999999574,0.009999999999999787,-0.09999999999999964,-0.1299999999999999,-0.02100000000000002,215000.0,-0.03479236812570141
2025-02-07,4.0,220000.0,317.604,124.196,71.7,4.29,4.49,4.69,4.35,2.07,2.67,-0.509,0.20000000000000018,0.14000000000000057,-0.27999999999999936,-0.2699999999999996,-0.27,-0.14000000000000012,-0.019000000000000017,218500.0,0.017462165308498312
2025-02-14,4.0,216000.0,318.961,124.196,71.7,4.26,4.47,4.69,4.34,2.04,2.62,-0.508,0.20999999999999996,0.1299999999999999,-0.14000000000000057,-0.14999999999999947,-0.16000000000000014,-0.020000000000000018,-0.01200000000000001,217750.0,0.017523364485981352
2025-02-21,4.0,223000.0,318.961,124.196,71.7,4.19,4.42,4.67,4.32,2.0,2.78,-0.503,0.22999999999999954,0.09999999999999964,-0.20999999999999996,-0.17999999999999972,-0.20000000000000018,0.17999999999999972,-0.0020000000000000018,217750.0,0.012790697674418539
2025-02-28,4.0,241000.0,318.961,124.587,64.7,3.99,4.24,4.51,4.32,1.86,2.87,-0.494,0.25,-0.08000000000000007,-0.33999999999999986,-0.3200000000000003,-0.30000000000000004,0.18999999999999995,0.01200000000000001,225000.0,0.04651162790697683
2025-03-07,4.0,224000.0,318.961,124.587,64.7,3.99,4.32,4.62,4.34,1.99,2.97,-0.48,0.33000000000000007,-0.019999999999999574,-0.16999999999999993,-0.07000000000000028,-0.07999999999999985,0.30000000000000027,0.029000000000000026,226000.0,0.034324942791762014
2025-03-14,4.2,222000.0,318.961,124.587,64.7,4.02,4.31,4.62,4.33,2.01,3.25,-0.463,0.29000000000000004,-0.020000000000000462,-0.16000000000000014,-0.07000000000000028,-0.03000000000000025,0.6299999999999999,0.044999999999999984,227500.0,0.04477611940298498
2025-03-21,4.2,225000.0,319.679,124.587,64.7,3.94,4.25,4.59,4.33,1.92,3.21,-0.444,0.31000000000000005,-0.08000000000000007,-0.16999999999999993,-0.08000000000000007,-0.08000000000000007,0.43000000000000016,0.059,228000.0,0.04707233065442029
2025-03-28,4.2,224000.0,319.679,124.587,57.0,3.89,4.27,4.64,4.33,1.9,3.47,-0.426,0.37999999999999945,-0.0600000000000005,0.02999999999999936,0.1299999999999999,0.039999999999999813,0.6000000000000001,0.068,223750.0,-0.005555555555555536
2025-04-04,4.2,220000.0,319.679,125.145,57.0,3.68,4.01,4.41,4.28,1.83,4.45,-0.408,0.3299999999999996,-0.27000000000000046,-0.3100000000000005,-0.20999999999999996,-0.15999999999999992,1.48,0.07200000000000001,222750.0,-0.014380530973451378
2025-04-11,4.2,223000.0,319.679,125.145,57.0,3.96,4.48,4.85,4.34,2.28,4.26,-0.393,0.5200000000000005,0.14000000000000057,0.17000000000000082,0.22999999999999954,0.27,1.0099999999999998,0.07,223000.0,-0.01978021978021982
2025-04-18,4.2,217000.0,319.785,125.145,57.0,3.81,4.34,4.8,4.34,2.11,4.02,-0.382,0.5299999999999998,0.0,0.08999999999999986,0.20999999999999996,0.18999999999999995,0.8099999999999996,0.062,221000.0,-0.030701754385964897
2025-04-25,4.2,224000.0,319.785,125.145,57.0,3.74,4.29,4.74,4.32,2.02,3.67,-0.382,0.5499999999999998,-0.03000000000000025,0.020000000000000462,0.10000000000000053,0.1200000000000001,0.19999999999999973,0.043999999999999984,221000.0,-0.012290502793296132
2025-05-02,4.2,239000.0,319.785,125.267,52.2,3.83,4.33,4.79,4.33,2.06,3.6,-0.389,0.5,0.0,0.3200000000000003,0.3799999999999999,0.22999999999999998,-0.8500000000000001,0.01899999999999996,225750.0,0.013468013468013407
2025-05-09,4.2,228000.0,319.785,125.267,52.2,3.88,4.37,4.83,4.34,2.08,3.53,-0.403,0.4900000000000002,0.03000000000000025,-0.11000000000000032,-0.019999999999999574,-0.19999999999999973,-0.73,-0.010000000000000009,227000.0,0.017937219730941756
2025-05-16,4.2,226000.0,320.302,125.267,52.2,3.98,4.43,4.89,4.37,2.09,3.16,-0.42,0.44999999999999973,0.05999999999999961,0.08999999999999986,0.08999999999999986,-0.020000000000000018,-0.8599999999999994,-0.03799999999999998,229250.0,0.03733031674208154
2025-05-23,4.2,225000.0,320.302,125.267,52.2,4.0,4.51,5.04,4.36,2.18,3.4,-0.438,0.5099999999999998,0.14999999999999947,0.21999999999999975,0.2999999999999998,0.16000000000000014,-0.27,-0.055999999999999994,229500.0,0.03846153846153855
2025-05-30,4.2,236000.0,320.302,125.502,52.2,3.89,4.41,4.92,4.36,2.07,3.31,-0.454,0.52,0.04999999999999982,0.08000000000000007,0.1299999999999999,0.009999999999999787,-0.29000000000000004,-0.065,228750.0,0.013289036544850585
2025-06-06,4.3,244000.0,320.302,125.502,52.2,4.04,4.51,4.97,4.43,2.2,3.09,-0.466,0.46999999999999975,0.08000000000000007,0.13999999999999968,0.13999999999999968,0.1200000000000001,-0.43999999999999995,-0.063,232750.0,0.025330396475770955
2025-06-13,4.3,246000.0,320.62,125.502,52.2,3.96,4.41,4.9,4.45,2.13,3.18,-0.475,0.4500000000000002,-0.040000000000000036,-0.019999999999999574,0.010000000000000675,0.040000000000000036,0.020000000000000018,-0.05499999999999999,237750.0,0.037077426390403456
2025-06-20,4.3,243000.0,320.62,125.502,52.2,3.9,4.38,4.89,4.39,2.05,3.13,-0.483,0.48,-0.009999999999999787,-0.1299999999999999,-0.15000000000000036,-0.13000000000000034,-0.27,-0.044999999999999984,242250.0,0.05555555555555558
2025-06-27,4.3,236000.0,320.62,125.502,60.7,3.73,4.29,4.85,4.39,2.0,3.02,-0.49,0.56,-0.09999999999999964,-0.1200000000000001,-0.07000000000000028,-0.06999999999999984,-0.29000000000000004,-0.035999999999999976,242250.0,0.05901639344262288
2025-07-04,4.3,231000.0,320.62,125.79,60.7,3.88,4.35,4.86,4.42,2.02,2.8,-0.496,0.46999999999999975,-0.07000000000000028,-0.16000000000000014,-0.10999999999999943,-0.18000000000000016,-0.29000000000000004,-0.02999999999999997,239000.0,0.02685284640171859
2025-07-11,4.1,228000.0,320.62,125.79,60.7,3.9,4.43,4.96,4.41,2.06,2.97,-0.503,0.5299999999999998,0.019999999999999574,0.019999999999999574,0.05999999999999961,-0.06999999999999984,-0.20999999999999996,-0.028000000000000025,234500.0,-0.013669821240799185
2025-07-18,4.1,221000.0,321.435,125.79,60.7,3.88,4.44,5.0,4.4,2.03,2.93,-0.51,0.5600000000000005,0.040000000000000036,0.0600000000000005,0.11000000000000032,-0.020000000000000018,-0.19999999999999973,-0.027000000000000024,229000.0,-0.054695562435500555
2025-07-25,4.1,218000.0,321.435,125.79,60.7,3.91,4.4,4.92,4.42,1.96,2.84,-0.514,0.4900000000000002,-0.019999999999999574,0.11000000000000032,0.07000000000000028,-0.040000000000000036,-0.18000000000000016,-0.02400000000000002,224500.0,-0.0732714138286894
2025-08-01,4.1,219000.0,321.435,126.121,61.7,3.69,4.23,4.81,4.35,1.9,3.13,-0.519,0.5400000000000005,-0.11999999999999922,-0.11999999999999922,-0.05000000000000071,-0.1200000000000001,0.33000000000000007,-0.02300000000000002,221500.0,-0.07322175732217573
2025-08-08,4.3,226000.0,321.435,126.121,61.7,3.76,4.27,4.85,4.32,1.88,2.94,-0.521,0.5099999999999998,-0.05000000000000071,-0.16000000000000014,-0.11000000000000032,-0.18000000000000016,-0.03000000000000025,-0.018000000000000016,221000.0,-0.05756929637526653
2025-08-15,4.3,224000.0,322.169,126.121,61.7,3.75,4.33,4.92,4.3,1.95,2.88,-0.523,0.5800000000000001,0.03000000000000025,-0.11000000000000032,-0.08000000000000007,-0.07999999999999985,-0.050000000000000266,-0.013000000000000012,221750.0,-0.031659388646288256
2025-08-22,4.3,233000.0,322.169,126.121,61.7,3.68,4.26,4.88,4.27,1.85,2.88,-0.526,0.5799999999999996,-0.009999999999999787,-0.14000000000000057,-0.040000000000000036,-0.10999999999999988,0.040000000000000036,-0.01200000000000001,225500.0,0.00445434298440972
2025-08-29,4.3,229000.0,322.169,126.43,58.2,3.59,4.23,4.92,4.23,1.82,2.82,-0.527,0.6400000000000006,0.0,0.0,0.11000000000000032,-0.07999999999999985,-0.31000000000000005,-0.008000000000000007,228000.0,0.02934537246049662
2025-09-05,4.3,236000.0,322.169,126.43,58.2,3.51,4.1,4.78,4.07,1.73,2.83,-0.528,0.5899999999999999,0.02999999999999936,-0.16999999999999993,-0.0699999999999994,-0.1499999999999999,-0.10999999999999988,-0.007000000000000006,230500.0,0.042986425339366585
2025-09-12,4.3,259000.0,322.169,126.43,58.2,3.56,4.06,4.68,4.08,1.7,2.79,-0.528,0.49999999999999956,-0.020000000000000462,-0.27000000000000046,-0.2400000000000002,-0.25,-0.08999999999999986,-0.0050000000000000044,239250.0,0.07891770011273946
2025-09-19,4.3,233000.0,323.291,126.43,58.2,3.57,4.14,4.75,4.03,1.75,2.72,-0.528,0.5699999999999998,0.10999999999999943,-0.1200000000000001,-0.1299999999999999,-0.10000000000000009,-0.1599999999999997,-0.0020000000000000018,239250.0,0.060975609756097615
2025-09-26,4.3,219000.0,323.291,126.43,55.1,3.63,4.2,4.77,4.02,1.82,2.75,-0.527,0.5700000000000003,0.1800000000000006,-0.03000000000000025,-0.15000000000000036,0.0,-0.06999999999999984,0.0,236750.0,0.03837719298245612
2025-10-03,4.3,225000.0,323.291,126.714,55.1,3.58,4.13,4.71,4.03,1.8,2.8,-0.527,0.5499999999999998,0.09999999999999964,0.03000000000000025,-0.07000000000000028,0.07000000000000006,-0.03000000000000025,0.0010000000000000009,234000.0,0.015184381778741818
2025-10-10,4.4,233000.0,323.291,126.714,55.1,3.52,4.05,4.63,4.02,1.75,3.18,-0.526,0.5299999999999998,0.03000000000000025,-0.009999999999999787,-0.04999999999999982,0.050000000000000044,0.3900000000000001,0.0020000000000000018,227500.0,-0.04911180773249735
2025-10-17,4.4,222000.0,324.245,126.714,55.1,3.46,4.02,4.6,4.0,1.75,3.04,-0.524,0.5599999999999996,0.019999999999999574,-0.1200000000000001,-0.15000000000000036,0.0,0.31999999999999984,0.0040000000000000036,224750.0,-0.06060606060606055
2025-10-24,4.4,231000.0,324.245,126.714,55.1,3.48,4.02,4.59,3.93,1.73,2.88,-0.521,0.5399999999999996,0.08999999999999941,-0.1800000000000006,-0.17999999999999972,-0.09000000000000008,0.1299999999999999,0.006000000000000005,227750.0,-0.03801478352692711
2025-10-31,4.4,221000.0,324.245,126.954,53.6,3.6,4.11,4.67,3.89,1.81,2.94,-0.518,0.5100000000000002,0.2200000000000002,-0.019999999999999574,-0.040000000000000036,0.010000000000000009,0.14000000000000012,0.009000000000000008,226750.0,-0.030982905982905984
2025-11-07,4.4,228000.0,324.245,126.954,53.6,3.55,4.11,4.7,3.92,1.83,3.15,-0.515,0.5600000000000005,0.1900000000000004,0.0600000000000005,0.07000000000000028,0.08000000000000007,-0.03000000000000025,0.01100000000000001,225500.0,-0.00879120879120876
2025-11-14,4.4,228000.0,324.245,126.954,53.6,3.62,4.14,4.74,3.95,1.86,3.07,-0.511,0.5199999999999996,0.1899999999999995,0.1200000000000001,0.14000000000000057,0.1100000000000001,0.029999999999999805,0.013000000000000012,227000.0,0.010011123470522909
2025-11-21,4.4,222000.0,324.245,126.954,53.6,3.51,4.06,4.71,3.9,1.82,3.19,-0.509,0.5499999999999998,0.1599999999999997,0.040000000000000036,0.1200000000000001,0.09000000000000008,0.31000000000000005,0.01200000000000001,224750.0,-0.013172338090010949
2025-11-28,,218000.0,324.245,127.243,51.0,3.47,4.02,4.67,3.88,1.79,2.95,-0.509,0.5499999999999994,0.13999999999999968,-0.09000000000000075,0.0,-0.020000000000000018,0.010000000000000231,0.009000000000000008,224000.0,-0.012127894156560126
2025-12-05,,216000.0,,127.243,51.0,3.56,4.14,4.79,3.71,1.88,2.85,-0.51,0.5799999999999996,0.4299999999999997,0.02999999999999936,0.08999999999999986,0.04999999999999982,-0.2999999999999998,0.0050000000000000044,221000.0,-0.019955654101995512
2025-12-12,4.5,235000.0,,127.243,51.0,3.52,4.19,4.85,3.63,1.93,2.91,-0.514,0.6700000000000004,0.5600000000000005,0.05000000000000071,0.10999999999999943,0.06999999999999984,-0.1599999999999997,-0.0030000000000000027,222750.0,-0.018722466960352402
2025-12-19,4.5,224000.0,325.063,127.243,51.0,3.48,4.16,4.82,3.62,1.92,2.9,-0.519,0.6800000000000002,0.54,0.10000000000000053,0.11000000000000032,0.09999999999999987,-0.29000000000000004,-0.010000000000000009,223250.0,-0.006674082313681828
2025-12-26,4.5,215000.0,325.063,127.243,52.9,3.46,4.14,4.81,3.64,1.91,2.86,-0.528,0.6799999999999997,0.49999999999999956,0.1200000000000001,0.13999999999999968,0.11999999999999988,-0.0900000000000003,-0.019000000000000017,222500.0,-0.006696428571428603
2026-01-02,4.5,203000.0,325.063,127.469,52.9,3.47,4.19,4.86,3.65,1.94,2.83,-0.54,0.7200000000000002,0.5400000000000005,0.05000000000000071,0.07000000000000028,0.06000000000000005,-0.020000000000000018,-0.030000000000000027,219250.0,-0.007918552036199067
2026-01-09,4.4,207000.0,325.063,127.469,52.9,3.54,4.18,4.82,3.62,1.9,2.74,-0.551,0.6399999999999997,0.5599999999999996,-0.010000000000000675,-0.02999999999999936,-0.030000000000000027,-0.16999999999999993,-0.03700000000000003,212250.0,-0.047138047138047146
2026-01-16,4.4,201000.0,326.031,127.469,52.9,3.59,4.24,4.83,3.67,1.91,2.65,-0.563,0.6500000000000004,0.5700000000000003,0.08000000000000007,0.009999999999999787,-0.010000000000000009,-0.25,-0.04399999999999993,206500.0,-0.0750279955207167
2026-01-23,4.4,210000.0,326.031,127.469,52.9,3.6,4.24,4.82,3.7,1.92,2.68,-0.569,0.6400000000000001,0.54,0.10000000000000053,0.010000000000000675,0.010000000000000009,-0.17999999999999972,-0.040999999999999925,205250.0,-0.07752808988764048
2026-01-30,4.4,211000.0,326.031,127.886,56.4,3.52,4.26,4.87,3.67,1.9,2.8,-0.571,0.7399999999999998,0.5899999999999999,0.0699999999999994,0.009999999999999787,-0.040000000000000036,-0.03000000000000025,-0.030999999999999917,207250.0,-0.05473204104903073
2026-02-06,4.3,230000.0,326.031,127.886,56.4,3.5,4.22,4.85,3.68,1.88,2.87,-0.567,0.7199999999999998,0.5399999999999996,0.040000000000000036,0.02999999999999936,-0.020000000000000018,0.1299999999999999,-0.015999999999999903,213000.0,0.0035335689045936647
2026-02-13,4.3,230000.0,326.588,127.886,56.4,3.4,4.04,4.69,3.68,1.77,2.95,-0.559,0.6400000000000001,0.3599999999999999,-0.20000000000000018,-0.13999999999999968,-0.1399999999999999,0.30000000000000027,0.0039999999999998925,220250.0,0.06658595641646481
2026-02-20,4.3,208000.0,326.588,127.886,56.4,3.48,4.08,4.72,3.69,1.8,2.86,-0.545,0.6000000000000001,0.3900000000000001,-0.16000000000000014,-0.10000000000000053,-0.11999999999999988,0.17999999999999972,0.02399999999999991,219750.0,0.07064555420219243
2026-02-27,4.3,211000.0,326.588,127.886,56.6,3.38,3.97,4.64,3.67,1.72,3.1,-0.528,0.5900000000000003,0.30000000000000027,-0.2899999999999996,-0.23000000000000043,-0.17999999999999994,0.30000000000000027,0.04299999999999993,219750.0,0.06031363088057895
2026-03-06,4.3,214000.0,326.588,128.455,56.6,3.56,4.15,4.77,3.69,1.8,3.13,-0.509,0.5900000000000003,0.4600000000000004,-0.0699999999999994,-0.08000000000000007,-0.07999999999999985,0.2599999999999998,0.05799999999999994,215750.0,0.012910798122065748
2026-03-13,4.4,213000.0,326.588,128.455,56.6,3.73,4.28,4.9,3.72,1.92,3.28,-0.49,0.5500000000000003,0.56,0.2400000000000002,0.20999999999999996,0.1499999999999999,0.3299999999999996,0.06900000000000006,211500.0,-0.039727582292849006
2026-03-20,4.4,205000.0,327.46,128.455,56.6,3.88,4.39,4.96,3.74,2.01,3.24,-0.474,0.5099999999999998,0.6499999999999995,0.3099999999999996,0.2400000000000002,0.20999999999999974,0.38000000000000034,0.07100000000000006,210750.0,-0.04095563139931746
2026-03-27,4.4,211000.0,327.46,128.455,53.3,3.88,4.44,4.98,3.73,2.13,3.42,-0.464,0.5600000000000005,0.7100000000000004,0.4700000000000002,0.34000000000000075,0.4099999999999999,0.31999999999999984,0.064,210750.0,-0.04095563139931746
2026-04-03,4.4,203000.0,327.46,128.961,53.3,3.84,4.35,4.91,3.71,1.99,3.13,-0.46,0.5099999999999998,0.6399999999999997,0.1999999999999993,0.14000000000000057,0.18999999999999995,0.0,0.04899999999999999,208000.0,-0.035921205098493614
2026-04-10,4.3,218000.0,327.46,128.961,53.3,3.81,4.31,4.91,3.69,1.95,2.94,-0.465,0.49999999999999956,0.6199999999999997,0.02999999999999936,0.009999999999999787,0.030000000000000027,-0.33999999999999986,0.024999999999999967,209250.0,-0.010638297872340385
2026-04-17,4.3,208000.0,330.293,128.961,53.3,3.71,4.26,4.88,3.7,1.9,2.83,-0.475,0.5499999999999998,0.5599999999999996,-0.1299999999999999,-0.08000000000000007,-0.10999999999999988,-0.41000000000000014,-0.0010000000000000009,210000.0,-0.003558718861209953
2026-04-24,4.3,215000.0,330.293,128.961,53.3,3.78,4.31,4.91,3.69,1.89,2.86,-0.487,0.5299999999999998,0.6199999999999997,-0.13000000000000078,-0.07000000000000028,-0.24,-0.56,-0.022999999999999965,211000.0,0.0011862396204034287
2026-05-01,4.3,190000.0,330.293,129.343,49.8,3.88,4.39,4.97,3.68,1.91,2.77,-0.497,0.5099999999999998,0.7099999999999995,0.040000000000000036,0.05999999999999961,-0.08000000000000007,-0.3599999999999999,-0.03699999999999998,207750.0,-0.0012019230769231282
2026-05-08,4.3,199000.0,330.293,129.343,49.8,3.9,4.38,4.95,3.69,1.93,2.81,-0.505,0.48,0.69,0.07000000000000028,0.040000000000000036,-0.020000000000000018,-0.1299999999999999,-0.03999999999999998,203000.0,-0.029868578255675016
2026-05-15,4.3,212000.0,332.407,129.343,49.8,4.09,4.59,5.12,3.69,2.1,2.8,-0.509,0.5,0.8999999999999999,0.33000000000000007,0.2400000000000002,0.20000000000000018,-0.03000000000000025,-0.03400000000000003,204000.0,-0.02857142857142858
2026-05-22,4.3,210000.0,332.407,129.343,49.8,4.13,4.56,5.07,3.68,2.16,2.74,-0.511,0.4299999999999997,0.8799999999999994,0.25,0.16000000000000014,0.27000000000000024,-0.11999999999999966,-0.02400000000000002,202750.0,-0.0390995260663507
2026-05-29,4.3,212000.0,332.407,129.681,44.8,3.98,4.45,4.99,3.69,2.07,2.72,-0.51,0.4700000000000002,0.7600000000000002,0.0600000000000005,0.020000000000000462,0.15999999999999992,-0.04999999999999982,-0.013000000000000012,208250.0,0.002406738868832692
2026-06-05,4.3,225000.0,332.407,129.681,44.8,4.17,4.55,5.01,3.78,2.19,2.76,-0.509,0.3799999999999999,0.77,0.16999999999999993,0.05999999999999961,0.26,-0.050000000000000266,-0.0040000000000000036,214750.0,0.05788177339901468
2026-06-12,4.3,230000.0,332.407,129.681,44.8,4.09,4.48,4.97,3.78,2.17,2.71,-0.508,0.39000000000000057,0.7000000000000006,-0.10999999999999943,-0.15000000000000036,0.06999999999999984,-0.08999999999999986,0.0010000000000000009,219250.0,0.07475490196078427
2026-06-19,4.3,227000.0,333.979,129.681,44.8,4.19,4.46,4.9,3.83,2.21,2.66,-0.508,0.2699999999999996,0.6299999999999999,-0.09999999999999964,-0.16999999999999993,0.04999999999999982,-0.08000000000000007,0.0030000000000000027,223500.0,0.10234278668310726
2026-06-26,4.3,216000.0,333.979,129.681,49.5,4.07,4.38,4.87,3.83,2.18,2.83,-0.51,0.3099999999999996,0.5499999999999998,-0.07000000000000028,-0.1200000000000001,0.11000000000000032,0.10999999999999988,0.0,224500.0,0.078031212484994
2026-07-03,4.3,217000.0,333.979,130.147,49.5,4.14,4.49,4.98,3.82,2.26,2.74,-0.514,0.35000000000000053,0.6700000000000004,-0.05999999999999961,-0.02999999999999936,0.06999999999999984,-0.019999999999999574,-0.0050000000000000044,222500.0,0.03608847497089629
2026-07-10,4.2,217000.0,333.979,130.147,49.5,4.21,4.56,5.06,3.85,2.32,2.69,-0.52,0.34999999999999964,0.7099999999999995,0.07999999999999918,0.08999999999999986,0.1499999999999999,-0.020000000000000018,-0.01200000000000001,219250.0,0.0
2026-07-17,4.2,209000.0,332.568,130.147,49.5,4.18,4.55,5.06,3.85,2.31,2.73,-0.526,0.3700000000000001,0.6999999999999997,0.08999999999999986,0.15999999999999925,0.10000000000000009,0.06999999999999984,-0.018000000000000016,214750.0,-0.03914988814317677
2026-07-24,4.2,189000.0,332.568,130.147,49.5,4.33,4.69,5.16,3.96,2.43,2.79,-0.53,0.3600000000000003,0.7300000000000004,0.3100000000000005,0.29000000000000004,0.25,-0.040000000000000036,-0.020000000000000018,208000.0,-0.07349665924276172
2026-07-31,4.2,198000.0,332.568,130.338,55.2,4.28,4.75,5.27,3.83,2.47,2.85,-0.536,0.46999999999999975,0.9199999999999999,0.2599999999999998,0.28999999999999915,0.2100000000000004,0.10999999999999988,-0.02200000000000002,203250.0,-0.08651685393258424
2026-08-07,4.1,200000.0,332.568,130.338,55.2,4.19,4.65,5.19,3.87,2.4,2.7,-0.541,0.45999999999999996,0.7800000000000002,0.09000000000000075,0.13000000000000078,0.08000000000000007,0.010000000000000231,-0.02100000000000002,199000.0,-0.09236031927023947
2026-08-14,4.1,212000.0,332.813,130.338,55.2,4.17,4.68,5.25,3.86,2.41,2.67,-0.546,0.5099999999999998,0.8199999999999998,0.1299999999999999,0.1900000000000004,0.10000000000000009,-0.06000000000000005,-0.020000000000000018,199750.0,-0.06984866123399303
2026-08-21,4.1,207000.0,332.813,130.338,55.2,4.24,4.74,5.27,3.88,2.4,2.7,-0.551,0.5,0.8600000000000003,0.04999999999999982,0.10999999999999943,-0.03000000000000025,-0.08999999999999986,-0.02100000000000002,204250.0,-0.018028846153846145
2026-08-28,4.1,204000.0,332.813,130.658,55.2,4.34,4.73,5.22,3.9,2.42,2.6,-0.555,0.39000000000000057,0.8300000000000005,-0.019999999999999574,-0.04999999999999982,-0.050000000000000266,-0.25,-0.019000000000000017,205750.0,0.012300123001230068
2026-09-04,4.1,207000.0,332.813,130.658,55.2,4.37,4.78,5.24,3.91,2.43,2.68,-0.56,0.41000000000000014,0.8700000000000001,0.1299999999999999,0.04999999999999982,0.03000000000000025,-0.020000000000000018,-0.019000000000000017,207500.0,0.04271356783919589
2026-09-11,4.1,206000.0,332.813,130.658,55.2,4.56,4.95,5.37,4.0,2.55,2.7,-0.564,0.39000000000000057,0.9500000000000002,0.27000000000000046,0.1200000000000001,0.13999999999999968,0.03000000000000025,-0.017999999999999905,206000.0,0.031289111389236623
