date,sector,benchmark,benchmark_price,ret_4w,ret_12w,ret_26w,rel_spy_4w,rel_spy_12w,rel_spy_26w,vs_10w_ma,vs_40w_ma,breadth_above_10w,breadth_above_40w,breadth_positive_4w,breadth_positive_12w,basket_rel_spy_4w,basket_rel_spy_12w,basket_rel_spy_26w,volatility_12w_ann,volume_ratio_4w_vs_prev12
2026-10-02,AI_SOFTWARE,IGV,108.43000030517578,0.03691307852746051,0.17335781850677545,0.3496390994237215,0.03762717218126721,0.1538995733198374,0.1761032828357434,0.043499178791978066,0.16786356257298118,0.8333333333333334,0.8333333333333334,0.8333333333333334,1.0,0.017546386654373525,0.22195533755832686,0.1450270588060027,0.3182157818067556,0.5766856681509028
2026-10-02,COMMUNICATION_SERVICES,XLC,110.31999969482422,-0.015263760627556744,-0.011823716428169484,-0.01235449678711642,-0.014549666973750042,-0.031281961615107545,-0.18589031337509454,-0.011070764178986003,-0.027430655127690162,0.16666666666666666,0.3333333333333333,0.3333333333333333,0.3333333333333333,-0.01445788469898912,-0.037326983271406246,-0.17913318914451123,0.14781427353917512,1.0071143602589092
2026-10-02,CONSUMER_DISCRETIONARY,XLY,110.04000091552734,-0.04238101637262304,-0.0614124622947233,0.017475722265211324,-0.041666922718816335,-0.08087070748166136,-0.1560600943227668,-0.04219760193109057,-0.052031031616902035,0.16666666666666666,0.16666666666666666,0.16666666666666666,0.16666666666666666,-0.05809049277356478,-0.13539928407524562,-0.23268199797992054,0.2028397443809333,0.9365928672038839
2026-10-02,CONSUMER_STAPLES,XLP,80.52999877929688,-0.04788369548451343,-0.04267717368127433,-0.016607651978117866,-0.04716960183070673,-0.06213541886821239,-0.19014346856609599,-0.04250640012362328,-0.041825703540563364,0.0,0.16666666666666666,0.16666666666666666,0.3333333333333333,-0.0313908814185652,-0.05191851957009095,-0.23186671791418925,0.07640436070911134,1.0308144979631078
2026-10-02,DEFENSIVE,XLU,39.83000183105469,-0.07544103671920466,-0.12288037954431796,-0.14048334700252796,-0.07472694306539795,-0.14233862473125602,-0.3140191635905061,-0.05990365836562439,-0.1046620952082492,0.0,0.5,0.0,0.3333333333333333,-0.04291066286643832,-0.04023626017036349,-0.14733572232599915,0.16270158949596994,1.4729788544228881
2026-10-02,ENERGY,XLE,62.81999969482422,-0.019356820340733605,0.1405228323613752,0.06025315940631604,-0.018642726686926903,0.12106458717443713,-0.11328265718166208,0.007295763803876643,0.09982842494351263,0.6666666666666666,0.8333333333333334,0.16666666666666666,1.0,-0.03908308865390351,0.12093422514047843,-0.15399578115511134,0.23995642150429095,1.1739994308688537
2026-10-02,FINANCIALS,XLF,53.4900016784668,-0.07934590218117965,-0.03984917326312809,0.07995160502255394,-0.07863180852737295,-0.05930741845006615,-0.09358421156542418,-0.05797608279791677,-0.002154593586463416,0.0,0.16666666666666666,0.0,0.0,-0.10121534056328352,-0.10215854636337147,-0.07975815331504228,0.1046964667189284,1.1971998084407938
2026-10-02,HEALTHCARE,XLV,166.17999267578125,-0.030737849905310033,0.03320067433147922,0.13193921013081344,-0.03002375625150333,0.013742429144541157,-0.041596606457164675,-0.012866388120148065,0.059698049158530164,0.3333333333333333,1.0,0.16666666666666666,0.5,-0.030124025817159266,-0.00373651296800707,0.026562375727860427,0.15703303710406344,0.8560400984008941
2026-10-02,MARKET,SPY,769.6400146484375,-0.0007140936538067022,0.01945824518693806,0.17353581658797812,0.0,0.0,0.0,0.003591167551033392,0.06598377151134693,0.5,1.0,0.25,0.5,-0.011637083889084243,-0.02385253382199351,-0.00818839148224837,0.09854589005211223,0.9672006600226951
2026-10-02,MATERIALS,XLB,48.86000061035156,-0.0682684612911878,-0.03988993522585493,-0.030747852444997004,-0.0675543676373811,-0.059348180412792995,-0.20428366903297512,-0.05050622371868263,-0.039503027722628925,0.3333333333333333,0.3333333333333333,0.16666666666666666,0.3333333333333333,-0.048085378969914626,0.00257491142354932,-0.16345668657239584,0.15206929622475718,1.0179360276742728
2026-10-02,NUCLEAR,URA,39.790000915527344,-0.13612679702175345,-0.07400512485076782,-0.18629857517551118,-0.13541270336794675,-0.09346337003770588,-0.3598343917634893,-0.0799787102336511,-0.17012533140590103,0.0,0.0,0.0,0.16666666666666666,-0.15623840606970363,-0.14165943267284012,-0.39861800701684685,0.4345731624191154,0.9019505089876394
2026-10-02,POWER_INDUSTRIALS,XLI,169.9499969482422,-0.030353210444091117,-0.06579816040667963,0.03773580334955429,-0.029639116790284414,-0.08525640559361769,-0.13580001323842383,-0.03803157515420774,-0.01825996969379229,0.6666666666666666,0.5,0.6666666666666666,0.3333333333333333,0.029580328006049983,-0.04327431906649145,-0.07937785430708393,0.1265848574130302,1.0741755098107708
2026-10-02,SEMI,SOXX,588.9000244140625,0.13280506484031607,0.013004433222130851,0.7340480251322299,0.13351915849412277,-0.00645381196480721,0.5605122085442518,0.09688707323476375,0.2707640560458413,1.0,1.0,1.0,0.6666666666666666,0.10655466013138874,0.0038494273168977466,0.615749885660693,0.36959710725199535,0.7238827521210607
