date,sector,score,delta_1w,delta_4w,score_type,higher_means,signal,status,ret_4w,ret_12w
2026-09-25,MARKET,31.054577895569366,-6.729130540590376,3.2534020200137377,market_risk,higher_risk,N/A,OK,,
2026-09-25,AI_SOFTWARE,100.0,,2.690919918790243,sector_rotation,higher_opportunity,LEADER,OK,-0.0318721266097674,0.1329486211604034
2026-09-25,SEMI,62.93066224754183,,2.0484779754063425,sector_rotation,higher_opportunity,HOLD,OK,0.1259486417631579,0.0112303737627292
2026-09-25,COMMUNICATION_SERVICES,55.06428803641224,,35.05921392773779,sector_rotation,higher_opportunity,IMPROVING,OK,-0.0002654994235246,0.030656940302284
2026-09-25,HEALTHCARE,54.461643901710104,,-8.952152582631818,sector_rotation,higher_opportunity,WATCH,OK,-0.002687582986825,0.0425063589934269
2026-09-25,ENERGY,35.49685124214324,,-33.797464862766404,sector_rotation,higher_opportunity,LAGGARD,OK,-0.0102105837034527,0.1657271607012505
2026-09-25,DEFENSIVE,23.986188007390894,,-15.31781068444306,sector_rotation,higher_opportunity,LAGGARD,OK,-0.0753569214883872,-0.136582172841972
2026-09-25,MATERIALS,14.177353617523252,,-24.81030892242819,sector_rotation,higher_opportunity,LAGGARD,OK,-0.0635577481895252,-0.0424918122629062
2026-09-25,CONSUMER_DISCRETIONARY,0.0,,-30.90446642431641,sector_rotation,higher_opportunity,LAGGARD,OK,-0.0567357868596712,-0.0560109719445829
2026-09-25,CONSUMER_STAPLES,0.0,,-30.50516144968741,sector_rotation,higher_opportunity,LAGGARD,OK,-0.0396723172699676,-0.0344746485330224
2026-09-25,FINANCIALS,0.0,,-32.01187630264063,sector_rotation,higher_opportunity,LAGGARD,OK,-0.0561101274896809,-0.0140237107924454
2026-09-25,NUCLEAR,0.0,,-68.74421090172848,sector_rotation,higher_opportunity,LAGGARD,OK,-0.1022602562786803,-0.0536664288547481
2026-09-25,POWER_INDUSTRIALS,0.0,,-15.603307058777105,sector_rotation,higher_opportunity,LAGGARD,OK,-0.0378796812520442,-0.0732967795003387
